{
  "IcoMoonType": "selection",
  "icons": [
    {
      "icon": {
        "paths": [
          "M957.217 516.452c0 240.417-195.896 440.765-440.765 440.765-240.417 0-440.765-195.896-440.765-440.765 0-240.417 195.896-440.765 440.765-440.765 244.87 4.452 440.765 200.348 440.765 440.765zM1001.739 516.452c0 267.13-218.157 485.287-485.287 485.287s-480.835-218.157-480.835-485.287c0-267.13 218.157-485.287 485.287-485.287s480.835 222.609 480.835 485.287zM498.643 498.643v-267.13h44.522v262.678h240.417v44.522h-240.417v218.157h-44.522v-218.157h-244.87v-44.522h244.87z"
        ],
        "attrs": [
          {
            "fill": "rgb(255, 255, 255)"
          }
        ],
        "isMulticolor": false,
        "isMulticolor2": false,
        "grid": 0,
        "tags": [
          "ic_new"
        ],
        "colorPermutations": {
          "153142122125521315012552552551255986415953571": [
            {
              "f": 4
            }
          ]
        }
      },
      "attrs": [
        {
          "fill": "rgb(255, 255, 255)"
        }
      ],
      "properties": {
        "order": 59,
        "id": 0,
        "name": "ic_new",
        "prevSize": 32,
        "code": 59648
      },
      "setIdx": 0,
      "setId": 3,
      "iconIdx": 0
    }
  ],
  "height": 1024,
  "metadata": {
    "name": "icomoon"
  },
  "preferences": {
    "showGlyphs": true,
    "showQuickUse": true,
    "showQuickUse2": true,
    "showSVGs": true,
    "fontPref": {
      "prefix": "icon-",
      "metadata": {
        "fontFamily": "icomoon"
      },
      "metrics": {
        "emSize": 1024,
        "baseline": 6.25,
        "whitespace": 50
      },
      "embed": false
    },
    "imagePref": {
      "prefix": "icon-",
      "png": true,
      "useClassSelector": true,
      "color": 0,
      "bgColor": 16777215,
      "classSelector": ".icon",
      "name": "icomoon"
    },
    "historySize": 50,
    "showCodes": true,
    "gridSize": 16
  }
}