{
  "IcoMoonType": "selection",
  "icons": [
    {
      "icon": {
        "paths": [
          "M840.341 523.231c0-175.135-141.973-317.11-317.11-317.11-175.135 0-317.11 141.974-317.11 317.11 0 175.137 141.975 317.11 317.11 317.11 175.137 0 317.11-141.973 317.11-317.11zM872.052 523.231c0 192.647-156.173 348.821-348.821 348.821s-348.821-156.173-348.821-348.821c0-192.648 156.172-348.821 348.821-348.821s348.821 156.172 348.821 348.821zM507.375 507.375h-174.41v31.711h174.41v158.555h31.711v-158.555h174.41v-31.711h-174.41v-190.266h-31.711v190.266z"
        ],
        "attrs": [
          {
            "fill": "rgb(255, 255, 255)"
          }
        ],
        "isMulticolor": false,
        "isMulticolor2": false,
        "grid": 0,
        "tags": [
          "ic_new (1)"
        ]
      },
      "attrs": [
        {
          "fill": "rgb(255, 255, 255)"
        }
      ],
      "properties": {
        "order": 61,
        "id": 0,
        "name": "ic_new",
        "prevSize": 32,
        "code": 59649
      },
      "setIdx": 0,
      "setId": 5,
      "iconIdx": 0
    },
    {
      "icon": {
        "paths": [
          "M160 384v32h704v-32z",
          "M160 512v32h704v-32z",
          "M160 640v32h704v-32z"
        ],
        "attrs": [
          {
            "fill": "rgb(255, 213, 150)"
          },
          {
            "fill": "rgb(255, 213, 150)"
          },
          {
            "fill": "rgb(255, 213, 150)"
          }
        ],
        "isMulticolor": false,
        "isMulticolor2": false,
        "grid": 0,
        "tags": [
          "ic_move"
        ]
      },
      "attrs": [
        {
          "fill": "rgb(255, 213, 150)"
        },
        {
          "fill": "rgb(255, 213, 150)"
        },
        {
          "fill": "rgb(255, 213, 150)"
        }
      ],
      "properties": {
        "order": 60,
        "id": 0,
        "name": "ic_move",
        "prevSize": 32,
        "code": 59648
      },
      "setIdx": 1,
      "setId": 4,
      "iconIdx": 0
    }
  ],
  "height": 1024,
  "metadata": {
    "name": "icomoon"
  },
  "preferences": {
    "showGlyphs": true,
    "showQuickUse": true,
    "showQuickUse2": true,
    "showSVGs": true,
    "fontPref": {
      "prefix": "icon-",
      "metadata": {
        "fontFamily": "icomoon"
      },
      "metrics": {
        "emSize": 1024,
        "baseline": 6.25,
        "whitespace": 50
      },
      "embed": false
    },
    "imagePref": {
      "prefix": "icon-",
      "png": true,
      "useClassSelector": true,
      "color": 0,
      "bgColor": 16777215,
      "classSelector": ".icon",
      "name": "icomoon"
    },
    "historySize": 50,
    "showCodes": true,
    "gridSize": 16
  }
}