{
  "IcoMoonType": "selection",
  "icons": [
    {
      "icon": {
        "paths": [
          "M160 384v32h704v-32z",
          "M160 512v32h704v-32z",
          "M160 640v32h704v-32z"
        ],
        "attrs": [
          {
            "fill": "rgb(255, 213, 150)"
          },
          {
            "fill": "rgb(255, 213, 150)"
          },
          {
            "fill": "rgb(255, 213, 150)"
          }
        ],
        "isMulticolor": false,
        "isMulticolor2": false,
        "grid": 0,
        "tags": [
          "ic_move"
        ]
      },
      "attrs": [
        {
          "fill": "rgb(255, 213, 150)"
        },
        {
          "fill": "rgb(255, 213, 150)"
        },
        {
          "fill": "rgb(255, 213, 150)"
        }
      ],
      "properties": {
        "order": 60,
        "id": 0,
        "name": "ic_move",
        "prevSize": 32,
        "code": 59648
      },
      "setIdx": 0,
      "setId": 4,
      "iconIdx": 0
    }
  ],
  "height": 1024,
  "metadata": {
    "name": "icomoon"
  },
  "preferences": {
    "showGlyphs": true,
    "showQuickUse": true,
    "showQuickUse2": true,
    "showSVGs": true,
    "fontPref": {
      "prefix": "icon-",
      "metadata": {
        "fontFamily": "icomoon"
      },
      "metrics": {
        "emSize": 1024,
        "baseline": 6.25,
        "whitespace": 50
      },
      "embed": false
    },
    "imagePref": {
      "prefix": "icon-",
      "png": true,
      "useClassSelector": true,
      "color": 0,
      "bgColor": 16777215,
      "classSelector": ".icon",
      "name": "icomoon"
    },
    "historySize": 50,
    "showCodes": true,
    "gridSize": 16
  }
}